<?xml version="1.0" encoding="UTF-8"?>
<project-private xmlns="http://www.netbeans.org/ns/project-private/1">
    <editor-bookmarks xmlns="http://www.netbeans.org/ns/editor-bookmarks/2" lastBookmarkId="0"/>
    <open-files xmlns="http://www.netbeans.org/ns/projectui-open-files/2">
        <group>
            <file>file:/C:/Users/j%20c/Documents/NetBeansProjects/Mobile%20Store/src/com/met/frames/AboutScreen.java</file>
            <file>file:/C:/Users/j%20c/Documents/NetBeansProjects/Mobile%20Store/src/com/met/daoimpl/CustomerDaoImpl.java</file>
            <file>file:/C:/Users/j%20c/Documents/NetBeansProjects/Mobile%20Store/src/com/met/daoimpl/SoldMobilesDaoImpl.java</file>
            <file>file:/C:/Users/j%20c/Documents/NetBeansProjects/Mobile%20Store/src/com/met/frames/ShowMobiles.java</file>
            <file>file:/C:/Users/j%20c/Documents/NetBeansProjects/Mobile%20Store/src/com/met/frames/SellMobile.java</file>
            <file>file:/C:/Users/j%20c/Documents/NetBeansProjects/Mobile%20Store/src/com/met/frames/LoginScreen.java</file>
            <file>file:/C:/Users/j%20c/Documents/NetBeansProjects/Mobile%20Store/src/com/met/frames/ShowCustomer.java</file>
            <file>file:/C:/Users/j%20c/Documents/NetBeansProjects/Mobile%20Store/src/com/met/frames/SecondScreen.java</file>
            <file>file:/C:/Users/j%20c/Documents/NetBeansProjects/Mobile%20Store/src/com/met/frames/AddMobile.java</file>
        </group>
    </open-files>
</project-private>
